{"cameraMode":{"drawMode":0,"name":"Shaded","section":"Shading Mode"},"sceneLighting":false,"audioPlay":false,"sceneViewState":{"m_AlwaysRefresh":false,"showFog":false,"showSkybox":false,"showFlares":false,"showImageEffects":false,"showParticleSystems":false,"showVisualEffectGraphs":true,"m_FxEnabled":true},"in2DMode":false,"pivot":{"x":2.352640390396118,"y":0.26760101318359377,"z":-1.206085443496704},"rotation":{"x":0.08779583871364594,"y":0.8906722664833069,"z":-0.19487224519252778,"w":0.40127578377723696},"size":3.4046237468719484,"orthographic":false}