{"cameraMode":{"drawMode":0,"name":"Shaded","section":"Shading Mode"},"sceneLighting":true,"audioPlay":false,"sceneViewState":{"showFog":true,"showMaterialUpdate":false,"showSkybox":false,"showFlares":true,"showImageEffects":true,"showParticleSystems":true},"in2DMode":false,"pivot":{"x":273.29998779296877,"y":234.47000122070313,"z":91.19999694824219},"rotation":{"x":0.32926982641220095,"y":0.04897421970963478,"z":-0.017103685066103936,"w":0.94281005859375},"size":457.33343505859377,"orthographic":false}