{"cameraMode":{"drawMode":0,"name":"Shaded","section":"Shading Mode"},"sceneLighting":true,"audioPlay":false,"sceneViewState":{"m_AlwaysRefresh":true,"showFog":true,"showSkybox":true,"showFlares":true,"showImageEffects":true,"showParticleSystems":true,"showVisualEffectGraphs":true,"m_FxEnabled":true},"in2DMode":false,"pivot":{"x":-1.0899500846862794,"y":2.589038848876953,"z":-2.849815845489502},"rotation":{"x":0.01904650591313839,"y":-0.9800490140914917,"z":0.15956613421440125,"w":0.11697644740343094},"size":2.1443729400634767,"orthographic":false}