{"cameraMode":{"drawMode":0,"name":"Shaded","section":"Shading Mode"},"sceneLighting":true,"audioPlay":false,"sceneViewState":{"m_AlwaysRefresh":true,"showFog":true,"showSkybox":true,"showFlares":true,"showImageEffects":true,"showParticleSystems":true,"showVisualEffectGraphs":true,"m_FxEnabled":true},"in2DMode":false,"pivot":{"x":-6.032716751098633,"y":-0.04089236259460449,"z":-12.026163101196289},"rotation":{"x":-0.053826868534088138,"y":-0.8324849009513855,"z":0.08218096196651459,"w":-0.5452847480773926},"size":4.410545349121094,"orthographic":false}